{
	"2":{
		"mmv":{
			"e_only":1.5245747829104603e-2,
			"mu_only":7.808233308420065e-2,
			"NH":6.973203990332927e-2,
			"IH":4.760769125020804e-2
		},
		"mev":{
			"e_only":0.0,
			"mu_only":0.13547518206345813,
			"NH":9.845871830022981e-2,
			"IH":5.807056309994994e-2
		},
		"emv":{
			"e_only":0.1252392794186635,
			"mu_only":0.0,
			"NH":1.2307339787528727e-2,
			"IH":5.807056309994994e-2
		},
		"eev":{
			"e_only":7.499836771794866e-2,
			"mu_only":1.742216375082045e-2,
			"NH":3.216622146080449e-2,
			"IH":4.9710808271817036e-2
		}
	},
	"2.5":{
		"mmv":{
			"e_only":1.496929357793932e-2,
			"mu_only":7.621976796223812e-2,
			"NH":6.741050120186808e-2,
			"IH":4.624371318993226e-2
		},
		"mev":{
			"e_only":0.0,
			"mu_only":0.1314629799081849,
			"NH":9.451583773770697e-2,
			"IH":5.597644534788372e-2
		},
		"emv":{
			"e_only":0.12153022142623314,
			"mu_only":0.0,
			"NH":1.1814479717213371e-2,
			"IH":5.597644534788372e-2
		},
		"eev":{
			"e_only":7.220665873855857e-2,
			"mu_only":1.6773650617462877e-2,
			"NH":3.0636010911821086e-2,
			"IH":4.75424798670772e-2
		}
	},
	"3":{
		"mmv":{
			"e_only":1.4668741812110694e-2,
			"mu_only":7.444852222565973e-2,
			"NH":6.527832058741742e-2,
			"IH":4.495495536314298e-2
		},
		"mev":{
			"e_only":0.0,
			"mu_only":0.12799988630182507,
			"NH":9.11802550686281e-2,
			"IH":5.419122509576519e-2
		},
		"emv":{
			"e_only":0.11832878378124277,
			"mu_only":0.0,
			"NH":1.1397531883578513e-2,
			"IH":5.419122509576519e-2
		},
		"eev":{
			"e_only":7.00029775987352e-2,
			"mu_only":1.6261735447988066e-2,
			"NH":2.94280584223772e-2,
			"IH":4.5828817056545845e-2
		}
	},
	"4":{
		"mmv":{
			"e_only":1.4118801196086975e-2,
			"mu_only":7.142418676610993e-2,
			"NH":6.171117977626786e-2,
			"IH":4.276100249396616e-2
		},
		"mev":{
			"e_only":0.0,
			"mu_only":0.1224149673230887,
			"NH":8.587474727612261e-2,
			"IH":5.133474215112912e-2
		},
		"emv":{
			"e_only":0.11316583645867759,
			"mu_only":0.0,
			"NH":1.0734343409515327e-2,
			"IH":5.133474215112912e-2
		},
		"eev":{
			"e_only":6.666179498207339e-2,
			"mu_only":1.5485577864857505e-2,
			"NH":2.7596999043176872e-2,
			"IH":4.322715234202451e-2
		}
	},
	"4.5":{
		"mmv":{
			"e_only":1.3879028912743356e-2,
			"mu_only":7.014883429934048e-2,
			"NH":6.02231275344876e-2,
			"IH":4.1836929779739934e-2
		},
		"mev":{
			"e_only":0.0,
			"mu_only":0.12012774174866857,
			"NH":8.371936412562232e-2,
			"IH":5.0169671281688186e-2
		},
		"emv":{
			"e_only":0.11105142348321365,
			"mu_only":0.0,
			"NH":1.046492051570279e-2,
			"IH":5.0169671281688186e-2
		},
		"eev":{
			"e_only":6.53402956416659e-2,
			"mu_only":1.5178593042342248e-2,
			"NH":2.687309048067484e-2,
			"IH":4.2197021735557005e-2
		}
	},
	"5":{
		"mmv":{
			"e_only":1.3660945565562596e-2,
			"mu_only":6.900248919647062e-2,
			"NH":5.889120534081328e-2,
			"IH":4.100659837640628e-2
		},
		"mev":{
			"e_only":0.0,
			"mu_only":0.11809350898319045,
			"NH":8.180865491882787e-2,
			"IH":4.9134942026468245e-2
		},
		"emv":{
			"e_only":0.1091708883044605,
			"mu_only":0.0,
			"NH":1.0226081864853484e-2,
			"IH":4.9134942026468245e-2
		},
		"eev":{
			"e_only":6.418038771688209e-2,
			"mu_only":1.4909145907370799e-2,
			"NH":2.623792446526351e-2,
			"IH":4.1292342499110256e-2
		}
	},
	"7.5":{
		"mmv":{
			"e_only":1.2813933979418778e-2,
			"mu_only":6.462566831358686e-2,
			"NH":5.384114566042509e-2,
			"IH":3.783714504138738e-2
		},
		"mev":{
			"e_only":0.0,
			"mu_only":0.11044558749797462,
			"NH":7.46655931972205e-2,
			"IH":4.5252092185309886e-2
		},
		"emv":{
			"e_only":0.10210080977590542,
			"mu_only":0.0,
			"NH":9.333199149652563e-3,
			"IH":4.5252092185309886e-2
		},
		"eev":{
			"e_only":5.990552200344809e-2,
			"mu_only":1.391609231930034e-2,
			"NH":2.3899726733051237e-2,
			"IH":3.7954206741140896e-2
		}
	},
	"10":{
		"mmv":{
			"e_only":1.2223419647680906e-2,
			"mu_only":6.161438062134893e-2,
			"NH":5.0391071498343855e-2,
			"IH":3.5656357393749644e-2
		},
		"mev":{
			"e_only":0.0,
			"mu_only":0.10524698651009984,
			"NH":6.983933601485309e-2,
			"IH":4.261588571471175e-2
		},
		"emv":{
			"e_only":9.729499197378118e-2,
			"mu_only":0.0,
			"NH":8.729917001856637e-3,
			"IH":4.261588571471175e-2
		},
		"eev":{
			"e_only":5.7046274021962336e-2,
			"mu_only":1.3251887293127474e-2,
			"NH":2.2339407398709918e-2,
			"IH":3.5718392338423666e-2
		}
	},
	"12.5":{
		"mmv":{
			"e_only":1.177783494476638e-2,
			"mu_only":5.9353528109379154e-2,
			"NH":4.7811842245479096e-2,
			"IH":3.401872512152804e-2
		},
		"mev":{
			"e_only":0.0,
			"mu_only":0.10136181145159259,
			"NH":6.62463262250679e-2,
			"IH":4.064623251015763e-2
		},
		"emv":{
			"e_only":9.370336347525006e-2,
			"mu_only":0.0,
			"NH":8.280790778133488e-3,
			"IH":4.064623251015763e-2
		},
		"eev":{
			"e_only":5.492278955054035e-2,
			"mu_only":1.2758600516808941e-2,
			"NH":2.1183316609318343e-2,
			"IH":3.405660027056573e-2
		}
	},
	"15":{
		"mmv":{
			"e_only":1.142335048091791e-2,
			"mu_only":5.755931938526715e-2,
			"NH":4.577169661536183e-2,
			"IH":3.271893634399659e-2
		},
		"mev":{
			"e_only":0.0,
			"mu_only":9.828546805111853e-2,
			"NH":6.341004331409703e-2,
			"IH":3.9086751351367514e-2
		},
		"emv":{
			"e_only":9.085945490947847e-2,
			"mu_only":0.0,
			"NH":7.926255414262128e-3,
			"IH":3.9086751351367514e-2
		},
		"eev":{
			"e_only":5.3246587335288066e-2,
			"mu_only":1.2369217667550312e-2,
			"NH":2.027283350256218e-2,
			"IH":3.2744232520423404e-2
		}
	},
	"17.5":{
		"mmv":{
			"e_only":1.1130802077109597e-2,
			"mu_only":5.608065008147375e-2,
			"NH":4.4095050633318665e-2,
			"IH":3.164768111966768e-2
		},
		"mev":{
			"e_only":0.0,
			"mu_only":9.575336604189884e-2,
			"NH":6.108175732805198e-2,
			"IH":3.78032343485304e-2
		},
		"emv":{
			"e_only":8.851866727428871e-2,
			"mu_only":0.0,
			"NH":7.635219666006498e-3,
			"IH":3.78032343485304e-2
		},
		"eev":{
			"e_only":5.186935241860899e-2,
			"mu_only":1.2049285103169789e-2,
			"NH":1.9526402429838167e-2,
			"IH":3.1665657230550225e-2
		}
	},
	"20":{
		"mmv":{
			"e_only":1.0882828410152093e-2,
			"mu_only":5.482836034419607e-2,
			"NH":4.2678655219950984e-2,
			"IH":3.0740446567659233e-2
		},
		"mev":{
			"e_only":0.0,
			"mu_only":9.361061137692274e-2,
			"NH":5.9116247333975705e-2,
			"IH":3.671716231444662e-2
		},
		"emv":{
			"e_only":8.653780962844412e-2,
			"mu_only":0.0,
			"NH":7.389530916746963e-3,
			"IH":3.671716231444662e-2
		},
		"eev":{
			"e_only":5.0705164513368615e-2,
			"mu_only":1.177884349232055e-2,
			"NH":1.8896784424286606e-2,
			"IH":3.0753814868659683e-2
		}
	}
}