{
	"2.0":{
		"mmv":{
			"e_only":1.474107052303883e-2,
			"mu_only":7.072200433461691e-2,
			"NH":5.83773663713376e-2,
			"IH":4.207223896842635e-2
		},
		"mev":{
			"e_only":0.0,
			"mu_only":0.122704791656175,
			"NH":8.24263950779736e-2,
			"IH":5.1318569407868504e-2
		},
		"emv":{
			"e_only":0.12109350560296595,
			"mu_only":0.0,
			"NH":1.03032993847467e-2,
			"IH":5.1318569407868504e-2
		},
		"eev":{
			"e_only":7.25157099563551e-2,
			"mu_only":1.577988632813075e-2,
			"NH":2.6928500838383097e-2,
			"IH":4.393082189038882e-2
		}
	},
	"2.5":{
		"mmv":{
			"e_only":1.4504952541108e-2,
			"mu_only":6.890862074521181e-2,
			"NH":5.721960040048272e-2,
			"IH":4.1255026616642265e-2
		},
		"mev":{
			"e_only":0.0,
			"mu_only":0.11885279720369417,
			"NH":8.022724012499387e-2,
			"IH":4.993780956228932e-2
		},
		"emv":{
			"e_only":0.1177604063224288,
			"mu_only":0.0,
			"NH":1.0028405015624233e-2,
			"IH":4.993780956228932e-2
		},
		"eev":{
			"e_only":6.996683929683158e-2,
			"mu_only":1.5164689683706262e-2,
			"NH":2.6004558206587734e-2,
			"IH":4.24136847376793e-2
		}
	},
	"3.0":{
		"mmv":{
			"e_only":1.396890036219704e-2,
			"mu_only":6.597543979875344e-2,
			"NH":5.433949677859286e-2,
			"IH":3.9350248681670225e-2
		},
		"mev":{
			"e_only":0.0,
			"mu_only":0.11343205399505846,
			"NH":7.590099028264558e-2,
			"IH":4.743499724684503e-2
		},
		"emv":{
			"e_only":0.11268335156430827,
			"mu_only":0.0,
			"NH":9.487623785330697e-3,
			"IH":4.743499724684503e-2
		},
		"eev":{
			"e_only":6.66631556856844e-2,
			"mu_only":1.4410966342891489e-2,
			"NH":2.4496737530212143e-2,
			"IH":4.011516268661173e-2
		}
	},
	"4.0":{
		"mmv":{
			"e_only":1.2892271562048557e-2,
			"mu_only":6.0515602010299735e-2,
			"NH":4.752632737968866e-2,
			"IH":3.5038083417456414e-2
		},
		"mev":{
			"e_only":0.0,
			"mu_only":0.10371858299047394,
			"NH":6.613568833863993e-2,
			"IH":4.20633491452564e-2
		},
		"emv":{
			"e_only":0.10333488480424236,
			"mu_only":0.0,
			"NH":8.266961042329992e-3,
			"IH":4.20633491452564e-2
		},
		"eev":{
			"e_only":6.087074616226516e-2,
			"mu_only":1.3120472341364868e-2,
			"NH":2.125358834457694e-2,
			"IH":3.542004352850872e-2
		}
	},
	"4.5":{
		"mmv":{
			"e_only":1.2471673254809076e-2,
			"mu_only":5.844168613804258e-2,
			"NH":4.44444306981569e-2,
			"IH":3.3133113408498116e-2
		},
		"mev":{
			"e_only":0.0,
			"mu_only":0.10007960716481253,
			"NH":6.1784560671382986e-2,
			"IH":3.97322991193351e-2
		},
		"emv":{
			"e_only":9.979063210196244e-2,
			"mu_only":0.0,
			"NH":7.723070083922873e-3,
			"IH":3.97322991193351e-2
		},
		"eev":{
			"e_only":5.871468549699903e-2,
			"mu_only":1.2645435657738112e-2,
			"NH":1.9832234830874346e-2,
			"IH":3.341829130449546e-2
		}
	},
	"5.0":{
		"mmv":{
			"e_only":1.212790062607033e-2,
			"mu_only":5.676155075963168e-2,
			"NH":4.184173954001692e-2,
			"IH":3.152065573105085e-2
		},
		"mev":{
			"e_only":0.0,
			"mu_only":9.714389701864903e-2,
			"NH":5.812440773496059e-2,
			"IH":3.7768692193511755e-2
		},
		"emv":{
			"e_only":9.69196223103312e-2,
			"mu_only":0.0,
			"NH":7.2655509668700735e-3,
			"IH":3.7768692193511755e-2
		},
		"eev":{
			"e_only":5.697800058110071e-2,
			"mu_only":1.2264285709960559e-2,
			"NH":1.864183956148982e-2,
			"IH":3.174029945853705e-2
		}
	},
	"7.5":{
		"mmv":{
			"e_only":1.1156657383083999e-2,
			"mu_only":5.206691977180102e-2,
			"NH":3.4579159599666884e-2,
			"IH":2.6925888045164582e-2
		},
		"mev":{
			"e_only":0.0,
			"mu_only":8.898262398622622e-2,
			"NH":4.795353873140643e-2,
			"IH":3.2202555627765826e-2
		},
		"emv":{
			"e_only":8.88957095482771e-2,
			"mu_only":0.0,
			"NH":5.994192341425804e-3,
			"IH":3.2202555627765826e-2
		},
		"eev":{
			"e_only":5.2157704684661195e-2,
			"mu_only":1.1211768964773002e-2,
			"NH":1.5349459134894626e-2,
			"IH":2.7009192169154168e-2
		}
	},
	"10.0":{
		"mmv":{
			"e_only":1.0765986994507896e-2,
			"mu_only":5.0194560713108106e-2,
			"NH":3.1811245403182295e-2,
			"IH":2.5119904420832326e-2
		},
		"mev":{
			"e_only":0.0,
			"mu_only":8.574015028599373e-2,
			"NH":4.4088688545486004e-2,
			"IH":3.0022892247269388e-2
		},
		"emv":{
			"e_only":8.56942368348788e-2,
			"mu_only":0.0,
			"NH":5.5110860681857506e-3,
			"IH":3.0022892247269388e-2
		},
		"eev":{
			"e_only":5.0244486560035745e-2,
			"mu_only":1.0795737205993684e-2,
			"NH":1.4102585037220002e-2,
			"IH":2.5163608040463317e-2
		}
	},
	"12.5":{
		"mmv":{
			"e_only":1.0573897099769483e-2,
			"mu_only":4.927693425277554e-2,
			"NH":3.0503325151114723e-2,
			"IH":2.4252782913936913e-2
		},
		"mev":{
			"e_only":0.0,
			"mu_only":8.415336843056297e-2,
			"NH":4.226428294762345e-2,
			"IH":2.897769536679154e-2
		},
		"emv":{
			"e_only":8.41249455384727e-2,
			"mu_only":0.0,
			"NH":5.2830353684529315e-3,
			"IH":2.897769536679154e-2
		},
		"eev":{
			"e_only":4.930854676289809e-2,
			"mu_only":1.0592541654231893e-2,
			"NH":1.3514676782280756e-2,
			"IH":2.4279785035978895e-2
		}
	},
	"15.0":{
		"mmv":{
			"e_only":1.0439599280341692e-2,
			"mu_only":4.863931894940636e-2,
			"NH":2.970799052758504e-2,
			"IH":2.3711476822593405e-2
		},
		"mev":{
			"e_only":0.0,
			"mu_only":8.305411321200692e-2,
			"NH":4.115610967972549e-2,
			"IH":2.832624474690407e-2
		},
		"emv":{
			"e_only":8.303485931467379e-2,
			"mu_only":0.0,
			"NH":5.144513709965686e-3,
			"IH":2.832624474690407e-2
		},
		"eev":{
			"e_only":4.866112054906135e-2,
			"mu_only":1.0452352976234197e-2,
			"NH":1.3158025378051958e-2,
			"IH":2.3729809010863166e-2
		}
	},
	"17.5":{
		"mmv":{
			"e_only":1.0330965270991286e-2,
			"mu_only":4.812619350165784e-2,
			"NH":2.915165455342919e-2,
			"IH":2.3322502365168626e-2
		},
		"mev":{
			"e_only":0.0,
			"mu_only":8.21717475791143e-2,
			"NH":4.0381726828051266e-2,
			"IH":2.7858787478641088e-2
		},
		"emv":{
			"e_only":8.215789582008083e-2,
			"mu_only":0.0,
			"NH":5.047715853506408e-3,
			"IH":2.7858787478641088e-2
		},
		"eev":{
			"e_only":4.814212621455645e-2,
			"mu_only":1.034021940882169e-2,
			"NH":1.2909089118400264e-2,
			"IH":2.333574971453964e-2
		}
	},
	"20.0":{
		"mmv":{
			"e_only":1.024395183816985e-2,
			"mu_only":4.771636903821008e-2,
			"NH":2.8745983571899614e-2,
			"IH":2.3033567218733366e-2
		},
		"mev":{
			"e_only":0.0,
			"mu_only":8.146802950722468e-2,
			"NH":3.981743721626034e-2,
			"IH":2.751187183925639e-2
		},
		"emv":{
			"e_only":8.145760647916929e-2,
			"mu_only":0.0,
			"NH":4.9771796520325425e-3,
			"IH":2.751187183925639e-2
		},
		"eev":{
			"e_only":4.7728517224151286e-2,
			"mu_only":1.0250965730044534e-2,
			"NH":1.2727829680264587e-2,
			"IH":2.3043583978217208e-2
		}
	}
}