{
	"1":{
		"0.1 mm":{
			"e_only":5.2537371852333585,
			"mu_only":5.492515614120563,
			"NH":7.505766838598162,
			"IH":6.707956218606097
		},
		"1 mm":{
			"e_only":0.5253737185233359,
			"mu_only":0.5492515614120564,
			"NH":0.7505766838598162,
			"IH":0.6707956218606098
		},
		"10 mm":{
			"e_only":5.253737185233359e-2,
			"mu_only":5.492515614120564e-2,
			"NH":7.505766838598163e-2,
			"IH":6.707956218606098e-2
		},
		"100 mm":{
			"e_only":5.2537371852333595e-3,
			"mu_only":5.492515614120564e-3,
			"NH":7.505766838598164e-3,
			"IH":6.707956218606099e-3
		},
		"1000 mm":{
			"e_only":5.25373718523336e-4,
			"mu_only":5.492515614120564e-4,
			"NH":7.505766838598163e-4,
			"IH":6.707956218606098e-4
		}
	},
	"2":{
		"0.1 mm":{
			"e_only":0.16758679828616224,
			"mu_only":0.16981673018412718,
			"NH":0.23765339397237842,
			"IH":0.2130662919584407
		},
		"1 mm":{
			"e_only":1.6758679828616226e-2,
			"mu_only":1.698167301841272e-2,
			"NH":2.3765339397237847e-2,
			"IH":2.1306629195844074e-2
		},
		"10 mm":{
			"e_only":1.6758679828616225e-3,
			"mu_only":1.698167301841272e-3,
			"NH":2.3765339397237846e-3,
			"IH":2.1306629195844075e-3
		},
		"100 mm":{
			"e_only":1.6758679828616228e-4,
			"mu_only":1.698167301841272e-4,
			"NH":2.3765339397237848e-4,
			"IH":2.1306629195844075e-4
		},
		"1000 mm":{
			"e_only":1.6758679828616227e-5,
			"mu_only":1.698167301841272e-5,
			"NH":2.3765339397237847e-5,
			"IH":2.1306629195844076e-5
		}
	},
	"2.5":{
		"0.1 mm":{
			"e_only":5.298461111700395e-2,
			"mu_only":5.347611677530757e-2,
			"NH":7.520229088739992e-2,
			"IH":6.740641024407588e-2
		},
		"1 mm":{
			"e_only":5.298461111700396e-3,
			"mu_only":5.347611677530758e-3,
			"NH":7.5202290887399935e-3,
			"IH":6.740641024407589e-3
		},
		"10 mm":{
			"e_only":5.298461111700396e-4,
			"mu_only":5.347611677530758e-4,
			"NH":7.520229088739994e-4,
			"IH":6.740641024407589e-4
		},
		"100 mm":{
			"e_only":5.298461111700396e-5,
			"mu_only":5.347611677530758e-5,
			"NH":7.520229088739994e-5,
			"IH":6.740641024407589e-5
		},
		"1000 mm":{
			"e_only":5.298461111700396e-6,
			"mu_only":5.347611677530758e-6,
			"NH":7.5202290887399935e-6,
			"IH":6.74064102440759e-6
		}
	},
	"3":{
		"0.1 mm":{
			"e_only":2.028789823977418e-2,
			"mu_only":2.0422697200898995e-2,
			"NH":2.846974038636043e-2,
			"IH":2.5621080233811055e-2
		},
		"1 mm":{
			"e_only":2.0287898239774184e-3,
			"mu_only":2.0422697200899e-3,
			"NH":2.8469740386360435e-3,
			"IH":2.562108023381106e-3
		},
		"10 mm":{
			"e_only":2.0287898239774183e-4,
			"mu_only":2.0422697200898999e-4,
			"NH":2.8469740386360433e-4,
			"IH":2.562108023381106e-4
		},
		"100 mm":{
			"e_only":2.0287898239774184e-5,
			"mu_only":2.0422697200899e-5,
			"NH":2.8469740386360434e-5,
			"IH":2.562108023381106e-5
		},
		"1000 mm":{
			"e_only":2.0287898239774184e-6,
			"mu_only":2.0422697200899e-6,
			"NH":2.8469740386360435e-6,
			"IH":2.562108023381106e-6
		}
	},
	"4":{
		"0.1 mm":{
			"e_only":4.3960847496066005e-3,
			"mu_only":4.412408082701129e-3,
			"NH":5.861567051731136e-3,
			"IH":5.368391750137645e-3
		},
		"1 mm":{
			"e_only":4.396084749606601e-4,
			"mu_only":4.4124080827011303e-4,
			"NH":5.861567051731137e-4,
			"IH":5.368391750137645e-4
		},
		"10 mm":{
			"e_only":4.3960847496066014e-5,
			"mu_only":4.41240808270113e-5,
			"NH":5.8615670517311366e-5,
			"IH":5.3683917501376456e-5
		},
		"100 mm":{
			"e_only":4.3960847496066016e-6,
			"mu_only":4.4124080827011304e-6,
			"NH":5.861567051731137e-6,
			"IH":5.368391750137646e-6
		},
		"1000 mm":{
			"e_only":4.3960847496066017e-7,
			"mu_only":4.4124080827011305e-7,
			"NH":5.861567051731137e-7,
			"IH":5.368391750137646e-7
		}
	},
	"4.5":{
		"0.1 mm":{
			"e_only":2.35310624935004e-3,
			"mu_only":2.3599204062701414e-3,
			"NH":3.0352221940162572e-3,
			"IH":2.81071437436803e-3
		},
		"1 mm":{
			"e_only":2.3531062493500405e-4,
			"mu_only":2.3599204062701418e-4,
			"NH":3.035222194016258e-4,
			"IH":2.81071437436803e-4
		},
		"10 mm":{
			"e_only":2.3531062493500404e-5,
			"mu_only":2.3599204062701418e-5,
			"NH":3.0352221940162578e-5,
			"IH":2.8107143743680303e-5
		},
		"100 mm":{
			"e_only":2.3531062493500407e-6,
			"mu_only":2.359920406270142e-6,
			"NH":3.035222194016258e-6,
			"IH":2.8107143743680306e-6
		},
		"1000 mm":{
			"e_only":2.3531062493500404e-7,
			"mu_only":2.3599204062701418e-7,
			"NH":3.0352221940162576e-7,
			"IH":2.81071437436803e-7
		}
	},
	"5":{
		"0.1 mm":{
			"e_only":1.3483869361836523e-3,
			"mu_only":1.351507141149411e-3,
			"NH":1.6846904982315122e-3,
			"IH":1.5763622454307948e-3
		},
		"1 mm":{
			"e_only":1.3483869361836524e-4,
			"mu_only":1.3515071411494112e-4,
			"NH":1.6846904982315125e-4,
			"IH":1.576362245430795e-4
		},
		"10 mm":{
			"e_only":1.3483869361836525e-5,
			"mu_only":1.3515071411494113e-5,
			"NH":1.6846904982315124e-5,
			"IH":1.576362245430795e-5
		},
		"100 mm":{
			"e_only":1.3483869361836525e-6,
			"mu_only":1.3515071411494114e-6,
			"NH":1.6846904982315125e-6,
			"IH":1.576362245430795e-6
		},
		"1000 mm":{
			"e_only":1.3483869361836526e-7,
			"mu_only":1.3515071411494114e-7,
			"NH":1.6846904982315124e-7,
			"IH":1.576362245430795e-7
		}
	},
	"7.5":{
		"0.1 mm":{
			"e_only":1.625434495060176e-4,
			"mu_only":1.6270237025290082e-4,
			"NH":1.8267036454456688e-4,
			"IH":1.7664455915514737e-4
		},
		"1 mm":{
			"e_only":1.6254344950601765e-5,
			"mu_only":1.6270237025290086e-5,
			"NH":1.826703645445669e-5,
			"IH":1.7664455915514738e-5
		},
		"10 mm":{
			"e_only":1.6254344950601764e-6,
			"mu_only":1.6270237025290086e-6,
			"NH":1.8267036454456691e-6,
			"IH":1.766445591551474e-6
		},
		"100 mm":{
			"e_only":1.6254344950601766e-7,
			"mu_only":1.6270237025290087e-7,
			"NH":1.8267036454456694e-7,
			"IH":1.7664455915514742e-7
		},
		"1000 mm":{
			"e_only":1.6254344950601765e-8,
			"mu_only":1.6270237025290087e-8,
			"NH":1.826703645445669e-8,
			"IH":1.766445591551474e-8
		}
	},
	"10":{
		"0.1 mm":{
			"e_only":3.715743429880001e-5,
			"mu_only":3.7177342592592526e-5,
			"NH":3.982722488254437e-5,
			"IH":3.905421253546224e-5
		},
		"1 mm":{
			"e_only":3.7157434298800017e-6,
			"mu_only":3.717734259259253e-6,
			"NH":3.982722488254438e-6,
			"IH":3.905421253546224e-6
		},
		"10 mm":{
			"e_only":3.7157434298800015e-7,
			"mu_only":3.717734259259253e-7,
			"NH":3.9827224882544375e-7,
			"IH":3.9054212535462245e-7
		},
		"100 mm":{
			"e_only":3.7157434298800017e-8,
			"mu_only":3.7177342592592534e-8,
			"NH":3.9827224882544375e-8,
			"IH":3.905421253546225e-8
		},
		"1000 mm":{
			"e_only":3.7157434298800017e-9,
			"mu_only":3.7177342592592532e-9,
			"NH":3.982722488254437e-9,
			"IH":3.9054212535462245e-9
		}
	},
	"12.5":{
		"0.1 mm":{
			"e_only":1.194894159542324e-5,
			"mu_only":1.1952978727041998e-5,
			"NH":1.2506532329210599e-5,
			"IH":1.2347804350710964e-5
		},
		"1 mm":{
			"e_only":1.1948941595423241e-6,
			"mu_only":1.1952978727041998e-6,
			"NH":1.2506532329210601e-6,
			"IH":1.2347804350710966e-6
		},
		"10 mm":{
			"e_only":1.1948941595423242e-7,
			"mu_only":1.1952978727042e-7,
			"NH":1.25065323292106e-7,
			"IH":1.2347804350710966e-7
		},
		"100 mm":{
			"e_only":1.1948941595423242e-8,
			"mu_only":1.1952978727042e-8,
			"NH":1.2506532329210602e-8,
			"IH":1.2347804350710967e-8
		},
		"1000 mm":{
			"e_only":1.1948941595423242e-9,
			"mu_only":1.1952978727041999e-9,
			"NH":1.25065323292106e-9,
			"IH":1.2347804350710967e-9
		}
	},
	"15":{
		"0.1 mm":{
			"e_only":4.73896070414558e-6,
			"mu_only":4.7400595614642595e-6,
			"NH":4.893456498206982e-6,
			"IH":4.8499014218670355e-6
		},
		"1 mm":{
			"e_only":4.738960704145581e-7,
			"mu_only":4.74005956146426e-7,
			"NH":4.893456498206983e-7,
			"IH":4.849901421867037e-7
		},
		"10 mm":{
			"e_only":4.738960704145581e-8,
			"mu_only":4.74005956146426e-8,
			"NH":4.8934564982069826e-8,
			"IH":4.8499014218670364e-8
		},
		"100 mm":{
			"e_only":4.738960704145581e-9,
			"mu_only":4.74005956146426e-9,