{
	"1.":{
		"0.1 mm":{
			"e_only":5.2537371852333585,
			"mu_only":5.492515614120563,
			"NH":7.505766838598162,
			"IH":6.707956218606097
		},
		"1 mm":{
			"e_only":0.5253737185233359,
			"mu_only":0.5492515614120564,
			"NH":0.7505766838598162,
			"IH":0.6707956218606098
		},
		"10 mm":{
			"e_only":5.253737185233359e-2,
			"mu_only":5.492515614120564e-2,
			"NH":7.505766838598163e-2,
			"IH":6.707956218606098e-2
		},
		"100 mm":{
			"e_only":5.2537371852333595e-3,
			"mu_only":5.492515614120564e-3,
			"NH":7.505766838598164e-3,
			"IH":6.707956218606099e-3
		},
		"1000 mm":{
			"e_only":5.25373718523336e-4,
			"mu_only":5.492515614120564e-4,
			"NH":7.505766838598163e-4,
			"IH":6.707956218606098e-4
		}
	},
	"1.5":{
		"0.1 mm":{
			"e_only":0.70611289450145,
			"mu_only":0.7209150940408686,
			"NH":1.003628427519793,
			"IH":0.8989502845458259
		},
		"1 mm":{
			"e_only":7.0611289450145e-2,
			"mu_only":7.209150940408687e-2,
			"NH":0.10036284275197932,
			"IH":8.989502845458261e-2
		},
		"10 mm":{
			"e_only":7.0611289450145005e-3,
			"mu_only":7.209150940408688e-3,
			"NH":1.0036284275197932e-2,
			"IH":8.98950284545826e-3
		},
		"100 mm":{
			"e_only":7.061128945014501e-4,
			"mu_only":7.209150940408688e-4,
			"NH":1.0036284275197931e-3,
			"IH":8.989502845458261e-4
		},
		"1000 mm":{
			"e_only":7.061128945014501e-5,
			"mu_only":7.209150940408688e-5,
			"NH":1.0036284275197931e-4,
			"IH":8.989502845458261e-5
		}
	},
	"2.":{
		"0.1 mm":{
			"e_only":0.16758679828616224,
			"mu_only":0.16981673018412718,
			"NH":0.23765339397237842,
			"IH":0.2130662919584407
		},
		"1 mm":{
			"e_only":1.6758679828616226e-2,
			"mu_only":1.698167301841272e-2,
			"NH":2.3765339397237847e-2,
			"IH":2.1306629195844074e-2
		},
		"10 mm":{
			"e_only":1.6758679828616225e-3,
			"mu_only":1.698167301841272e-3,
			"NH":2.3765339397237846e-3,
			"IH":2.1306629195844075e-3
		},
		"100 mm":{
			"e_only":1.6758679828616228e-4,
			"mu_only":1.698167301841272e-4,
			"NH":2.3765339397237848e-4,
			"IH":2.1306629195844075e-4
		},
		"1000 mm":{
			"e_only":1.6758679828616227e-5,
			"mu_only":1.698167301841272e-5,
			"NH":2.3765339397237847e-5,
			"IH":2.1306629195844076e-5
		}
	},
	"2.5":{
		"0.1 mm":{
			"e_only":5.298461111700395e-2,
			"mu_only":5.347611677530757e-2,
			"NH":7.520229088739992e-2,
			"IH":6.740641024407588e-2
		},
		"1 mm":{
			"e_only":5.298461111700396e-3,
			"mu_only":5.347611677530758e-3,
			"NH":7.5202290887399935e-3,
			"IH":6.740641024407589e-3
		},
		"10 mm":{
			"e_only":5.298461111700396e-4,
			"mu_only":5.347611677530758e-4,
			"NH":7.520229088739994e-4,
			"IH":6.740641024407589e-4
		},
		"100 mm":{
			"e_only":5.298461111700396e-5,
			"mu_only":5.347611677530758e-5,
			"NH":7.520229088739994e-5,
			"IH":6.740641024407589e-5
		},
		"1000 mm":{
			"e_only":5.298461111700396e-6,
			"mu_only":5.347611677530758e-6,
			"NH":7.5202290887399935e-6,
			"IH":6.74064102440759e-6
		}
	},
	"3.":{
		"0.1 mm":{
			"e_only":2.028789823977418e-2,
			"mu_only":2.0422697200898995e-2,
			"NH":2.846974038636043e-2,
			"IH":2.5621080233811055e-2
		},
		"1 mm":{
			"e_only":2.0287898239774184e-3,
			"mu_only":2.0422697200899e-3,
			"NH":2.8469740386360435e-3,
			"IH":2.562108023381106e-3
		},
		"10 mm":{
			"e_only":2.0287898239774183e-4,
			"mu_only":2.0422697200898999e-4,
			"NH":2.8469740386360433e-4,
			"IH":2.562108023381106e-4
		},
		"100 mm":{
			"e_only":2.0287898239774184e-5,
			"mu_only":2.0422697200899e-5,
			"NH":2.8469740386360434e-5,
			"IH":2.562108023381106e-5
		},
		"1000 mm":{
			"e_only":2.0287898239774184e-6,
			"mu_only":2.0422697200899e-6,
			"NH":2.8469740386360435e-6,
			"IH":2.562108023381106e-6
		}
	},
	"3.5":{
		"0.1 mm":{
			"e_only":8.94494066639567e-3,
			"mu_only":8.98872068321932e-3,
			"NH":1.2286852523686734e-2,
			"IH":1.1139739545468007e-2
		},
		"1 mm":{
			"e_only":8.944940666395671e-4,
			"mu_only":8.988720683219322e-4,
			"NH":1.2286852523686737e-3,
			"IH":1.1139739545468008e-3
		},
		"10 mm":{
			"e_only":8.944940666395672e-5,
			"mu_only":8.988720683219322e-5,
			"NH":1.2286852523686736e-4,
			"IH":1.1139739545468009e-4
		},
		"100 mm":{
			"e_only":8.944940666395672e-6,
			"mu_only":8.988720683219322e-6,
			"NH":1.2286852523686737e-5,
			"IH":1.113973954546801e-5
		},
		"1000 mm":{
			"e_only":8.944940666395672e-7,
			"mu_only":8.988720683219322e-7,
			"NH":1.2286852523686737e-6,
			"IH":1.1139739545468009e-6
		}
	},
	"4.":{
		"0.1 mm":{
			"e_only":4.3960847496066005e-3,
			"mu_only":4.412408082701129e-3,
			"NH":5.861567051731136e-3,
			"IH":5.368391750137645e-3
		},
		"1 mm":{
			"e_only":4.396084749606601e-4,
			"mu_only":4.4124080827011303e-4,
			"NH":5.861567051731137e-4,
			"IH":5.368391750137645e-4
		},
		"10 mm":{
			"e_only":4.3960847496066014e-5,
			"mu_only":4.41240808270113e-5,
			"NH":5.8615670517311366e-5,
			"IH":5.3683917501376456e-5
		},
		"100 mm":{
			"e_only":4.3960847496066016e-6,
			"mu_only":4.4124080827011304e-6,
			"NH":5.861567051731137e-6,
			"IH":5.368391750137646e-6
		},
		"1000 mm":{
			"e_only":4.3960847496066017e-7,
			"mu_only":4.4124080827011305e-7,
			"NH":5.861567051731137e-7,
			"IH":5.368391750137646e-7
		}
	},
	"4.5":{
		"0.1 mm":{
			"e_only":2.35310624935004e-3,
			"mu_only":2.3599204062701414e-3,
			"NH":3.0352221940162572e-3,
			"IH":2.81071437436803e-3
		},
		"1 mm":{
			"e_only":2.3531062493500405e-4,
			"mu_only":2.3599204062701418e-4,
			"NH":3.035222194016258e-4,
			"IH":2.81071437436803e-4
		},
		"10 mm":{
			"e_only":2.3531062493500404e-5,
			"mu_only":2.3599204062701418e-5,
			"NH":3.0352221940162578e-5,
			"IH":2.8107143743680303e-5
		},
		"100 mm":{
			"e_only":2.3531062493500407e-6,
			"mu_only":2.359920406270142e-6,
			"NH":3.035222194016258e-6,
			"IH":2.8107143743680306e-6
		},
		"1000 mm":{
			"e_only":2.3531062493500404e-7,
			"mu_only":2.3599204062701418e-7,
			"NH":3.0352221940162576e-7,
			"IH":2.81071437436803e-7
		}
	},
	"5.":{
		"0.1 mm":{
			"e_only":1.3483869361836523e-3,
			"mu_only":1.351507141149411e-3,
			"NH":1.6846904982315122e-3,
			"IH":1.5763622454307948e-3
		},
		"1 mm":{
			"e_only":1.3483869361836524e-4,
			"mu_only":1.3515071411494112e-4,
			"NH":1.6846904982315125e-4,
			"IH":1.576362245430795e-4
		},
		"10 mm":{
			"e_only":1.3483869361836525e-5,
			"mu_only":1.3515071411494113e-5,
			"NH":1.6846904982315124e-5,
			"IH":1.576362245430795e-5
		},
		"100 mm":{
			"e_only":1.3483869361836525e-6,
			"mu_only":1.3515071411494114e-6,
			"NH":1.6846904982315125e-6,
			"IH":1.576362245430795e-6
		},
		"1000 mm":{
			"e_only":1.3483869361836526e-7,
			"mu_only":1.3515071411494114e-7,
			"NH":1.6846904982315124e-7,
			"IH":1.576362245430795e-7
		}
	},
	"5.5":{
		"0.1 mm":{
			"e_only":8.166659324282379e-4,
			"mu_only":8.182079984773124e-4,
			"NH":9.917714303267569e-4,
			"IH":9.364506045203775e-4
		},
		"1 mm":{
			"e_only":8.16665932428238e-5,
			"mu_only":8.182079984773126e-5,
			"NH":9.91771430326757e-5,
			"IH":9.364506045203776e-5
		},
		"10 mm":{
			"e_only":8.16665932428238e-6,
			"mu_only":8.182079984773125e-6,
			"NH":9.91771430326757e-6,
			"IH":9.364506045203776e-6
		},
		"100 mm":{
			"e_only":8.166659324282381e-7,
			"mu_only":8.182079984773126e-7,
			"NH":9.91771430326757e-7,
			"IH":9.364506045203777e-7
		},
		"1000 mm":{
			"e_only":8.16665932428238e-8,
			"mu_only":8.182079984773126e-8,
			"NH":9.91771430326757e-8,
			"IH":9.364506045203776e-8
		}
	},
	"6.":{
		"0.1 mm":{
			"e_only":5.178204820359745e-4,
			"mu_only":5.186327314124985e-4,
			"NH":6.136595533670109e-4,
			"IH":5.838863632690518e-4
		},
		"1 mm":{
			"e_only":5.178204820359746e-5,
			"mu_only":5.1863273141249854e-5,
			"NH":6.13659553367011e-5,
			"IH":5.8388636326905194e-5
		},
		"10 mm":{
			"e_only":5.178204820359746e-6,
			"mu_only":5.186327314124985e-6,
			"NH":6.136595533670109e-6,
			"IH":5.838863632690519e-6
		},
		"100 mm":{
			"e_only":5.178204820359746e-7,
			"mu_only":5.186327314124985e-7,
			"NH":6.13659553367011e-7,
			"IH":5.83886363269052e-7
		},